Survived,Pclass,Sex,Age,SibSp,Parch,Fare,Cabin,Embarked_Q,Embarked_S
0,3,0,-0.5657364610748746,1,0,-0.5024451714361923,,False,True
1,1,1,0.6638610320657843,1,0,0.7868452935884461,C85,False,False
1,3,1,-0.2583370877897099,0,0,-0.4888542575852486,,False,True
1,1,1,0.4333115021019107,1,0,0.4207302360686478,C123,False,True
0,3,0,0.4333115021019107,0,0,-0.4863374216869257,,False,True
0,3,0,-0.10463740114712752,0,0,-0.47811642890864375,,True,False
0,1,0,1.893458525206443,0,0,0.395813560675251,E46,False,True
0,3,0,-2.1027333275006983,3,1,-0.22408312108167944,,False,True
1,3,1,-0.1814872444684187,0,2,-0.4242561406845337,,False,True
1,2,1,-1.180535207645204,1,0,-0.04295550208861426,,False,False
1,3,1,-1.949033640858116,1,1,-0.312172377522981,G6,False,True
1,1,1,2.200857898491608,0,0,-0.11384570873513637,C103,False,True
0,3,0,-0.719436147717457,0,0,-0.4863374216869257,,False,True
0,3,0,0.7407108753870755,1,5,-0.01870931177853076,,False,True
0,3,1,-1.180535207645204,0,0,-0.4902797934380587,,False,True
1,2,1,1.9703083685277343,0,0,-0.3262666585535892,,False,True
0,3,0,-2.1027333275006983,4,1,-0.06199888922968463,,True,False
1,2,0,-0.10463740114712752,0,0,-0.3866707201133388,,False,True
0,3,1,0.12591212881674602,1,0,-0.2859972841804228,,False,True
1,3,1,-0.10463740114712752,0,0,-0.5029485386158568,,False,False
0,2,0,0.4333115021019107,0,0,-0.12491978668775715,,False,True
1,2,0,0.35646165878061953,0,0,-0.3866707201133388,D56,False,True
1,3,1,-1.1036853643239128,0,0,-0.4867562231804066,,True,False
1,1,0,-0.10463740114712752,0,0,0.06635974158478332,A6,False,True
0,3,1,-1.6416342675729512,3,1,-0.22408312108167944,,False,True
1,3,1,0.6638610320657843,1,5,-0.016444159470040135,,False,True
0,3,0,-0.10463740114712752,0,0,-0.5029485386158568,,False,False
0,1,0,-0.7962859910387481,3,2,4.647001076532463,C23 C25 C27,False,True
1,3,1,-0.10463740114712752,0,0,-0.48977642625839407,,True,False
0,3,0,-0.10463740114712752,0,0,-0.4894421904510968,,False,True
0,1,0,0.8175607187083667,0,0,-0.09027201697708476,,False,False
1,1,1,-0.10463740114712752,1,0,2.301728820789,B78,False,False
1,3,1,-0.10463740114712752,0,0,-0.49237782784290063,,True,False
0,2,0,2.8156566450619374,0,0,-0.43700743807979686,,False,True
0,1,0,-0.10463740114712752,1,0,1.0060617003323709,,False,False
0,1,0,0.9712604053509489,1,0,0.39858208016340624,,False,True
1,3,0,-0.10463740114712752,0,0,-0.5028639729296732,,False,False
0,3,0,-0.6425863043961658,0,0,-0.4863374216869257,,False,True
0,3,1,-0.8731358343600393,2,0,-0.2859972841804228,,False,True
1,3,1,-1.180535207645204,1,0,-0.42207354059350805,,False,False
0,3,1,0.8175607187083667,1,0,-0.4576454924460446,,False,True
0,2,1,-0.1814872444684187,1,0,-0.22559322262067316,,False,True
0,3,0,-0.10463740114712752,0,0,-0.4894421904510968,,False,False
1,2,1,-2.025883484179407,1,2,0.18876253192945994,,False,False
1,3,1,-0.7962859910387481,0,0,-0.48977642625839407,,True,False
0,3,0,-0.10463740114712752,0,0,-0.4863374216869257,,False,True
0,3,0,-0.10463740114712752,1,0,-0.3363340021468808,,True,False
1,3,1,-0.10463740114712752,0,0,-0.49237782784290063,,True,False
0,3,0,-0.10463740114712752,2,0,-0.21191774308354583,,False,False
0,3,1,-0.8731358343600393,1,0,-0.29002422161773944,,False,True
0,3,0,-1.7184841108942424,4,1,0.1506737441786005,,False,True
0,3,0,-0.6425863043961658,0,0,-0.4913710934835715,,False,True
1,1,1,1.5092093085999871,1,0,0.8964967865378598,D33,False,False
1,2,1,-0.027787557825836348,1,0,-0.12491978668775715,,False,True
0,1,0,2.738806801740646,0,1,0.5995101505357573,B30,False,False
1,1,0,-0.10463740114712752,0,0,0.06635974158478332,C52,False,True
1,2,1,-0.6425863043961658,0,0,-0.43700743807979686,,False,True
0,3,0,-0.06621247948648194,0,0,-0.5028639729296732,,False,False
1,2,1,-1.8721837975368247,1,2,-0.08968408411123653,,False,True
0,3,0,-1.4110847376090776,5,2,0.2958951755118318,,False,True
0,3,0,-0.5657364610748746,0,0,-0.5028639729296732,,False,False
1,1,1,0.6638610320657843,0,0,0.962353321387736,B28,False,True
0,1,0,1.2018099353148226,1,0,1.0323213593611125,C83,False,True
0,3,0,-1.949033640858116,3,2,-0.08666388103324908,,False,True
0,1,0,-0.10463740114712752,0,0,-0.09027201697708476,,False,False
1,3,0,-0.10463740114712752,1,1,-0.3414522396297103,,False,False
1,2,1,-0.027787557825836348,0,0,-0.43700743807979686,F33,False,True
0,3,0,-0.7962859910387481,0,0,-0.4841568350646187,,False,True
1,3,1,-0.9499856776813305,4,2,-0.4888542575852486,,False,True
0,3,0,-0.2583370877897099,2,0,-0.47400492578514347,,False,True
0,2,0,0.20276197213803718,0,0,-0.43700743807979686,,False,True
0,3,1,-1.0268355210026217,5,2,0.2958951755118318,,False,True
0,2,0,-0.6425863043961658,0,0,0.8314778546749452,,False,True
0,3,0,-0.2583370877897099,1,0,-0.3573908580066095,,False,False
1,3,0,0.20276197213803718,0,0,0.48910360681684706,,False,True
0,3,0,-0.33518693111100106,0,0,-0.494391296561559,F G73,False,True
0,3,0,-0.10463740114712752,0,0,-0.4894421904510968,,False,True
0,3,0,-0.10463740114712752,0,0,-0.4863374216869257,,False,True
1,2,0,-2.192647644186609,0,2,-0.06451572512800753,,False,True
1,3,1,0.04906228549545483,0,0,-0.397241430886295,,False,True
0,3,0,-0.5657364610748746,0,0,-0.46720946885967163,,False,True
1,3,0,-0.027787557825836348,0,0,-0.45714212526638004,,False,True
1,3,1,-0.10463740114712752,0,0,-0.49162277707340374,,True,False
0,1,0,-0.10463740114712752,0,0,0.29992211294914856,,False,True
1,2,1,-0.9499856776813305,0,0,-0.43700743807979686,,False,True
1,3,1,0.27961181545932834,3,0,-0.32928686163157667,,False,True
0,3,0,-1.0268355210026217,1,3,0.04370821849987721,,False,True
0,3,0,-0.10463740114712752,0,0,-0.4863374216869257,,False,True
1,1,1,-0.48888661775358344,3,2,4.647001076532463,C23 C25 C27,False,True
0,3,0,-0.41203677443229225,0,0,-0.4863374216869257,,False,True
0,3,0,-0.027787557825836348,0,0,-0.4863374216869257,,False,True
0,3,0,-0.719436147717457,0,0,-0.4902797934380587,,False,True
0,1,0,1.2786597786361138,1,0,0.5833178351003071,E31,False,True
0,3,0,-0.2583370877897099,1,2,-0.23415046467497105,,False,True
0,3,0,2.277707741812899,0,0,-0.5024451714361923,,False,True
0,3,0,-0.10463740114712752,0,0,-0.4863374216869257,,False,True
0,1,0,3.1999058616683933,0,0,0.0493298231623713,A5,False,False
1,1,0,-0.48888661775358344,0,1,0.6272778976347743,D10 D12,False,False
1,2,1,0.35646165878061953,0,1,-0.18532384824750675,,False,True
0,2,0,0.35646165878061953,1,0,-0.12491978668775715,,False,True
0,3,1,-0.10463740114712752,0,0,-0.4894421904510968,,False,True
0,3,0,-0.10463740114712752,0,0,-0.4894421904510968,,False,True
0,1,0,-0.6425863043961658,0,1,0.907737982394129,D26,False,True
0,3,0,0.27961181545932834,0,0,-0.4741720436887921,,False,True
0,3,0,0.5870111887444931,2,0,-0.4888542575852486,,False,True
0,3,0,-0.10463740114712752,0,0,-0.4894421904510968,,False,True
1,3,1,-0.6425863043961658,0,0,-0.494391296561559,,False,True
1,3,0,-0.10463740114712752,0,0,-0.4918744606632361,,False,True
0,3,0,0.6638610320657843,0,0,-0.4894421904510968,,False,True
1,3,1,-0.10463740114712752,1,0,-0.1621689579829361,,True,False
0,1,0,1.3555096219574048,0,0,0.39858208016340624,C110,False,True
0,3,1,-1.1421102859845584,1,0,-0.3573908580066095,,False,False
0,3,0,-0.5657364610748746,0,0,-0.4863374216869257,,False,True
0,3,1,-0.719436147717457,1,0,-0.4505983519307405,,False,True
0,3,1,-0.9499856776813305,0,0,-0.3573083057891445,,False,False
0,3,0,-0.6425863043961658,0,0,-0.4888542575852486,,False,True
0,3,0,3.1614809400077477,0,0,-0.49237782784290063,,True,False
0,2,0,-0.027787557825836348,1,0,-0.22559322262067316,,False,True
0,1,0,-0.41203677443229225,0,1,4.335332226633905,B58 B60,False,False
0,3,1,-2.1027333275006983,4,2,-0.01870931177853076,,False,True
0,2,0,-0.6425863043961658,2,0,0.8314778546749452,,False,True
0,3,0,-0.10463740114712752,0,0,-0.4863374216869257,,False,True
0,2,0,0.24118689379868277,1,0,-0.04295550208861426,,False,False
1,2,1,0.24118689379868277,0,0,-0.3866707201133388,E101,False,True
0,1,0,1.893458525206443,0,1,0.907737982394129,D26,False,True
1,3,0,-1.3342348942877864,1,0,-0.42207354059350805,,False,False
0,3,0,-0.10463740114712752,0,0,-0.49237782784290063,,True,False
1,3,0,-0.41203677443229225,0,0,-0.5046257580584992,,False,True
1,3,1,-0.10463740114712752,1,1,-0.19824427701513722,F E69,False,False
0,3,0,1.2018099353148226,0,0,-0.5079822104125026,,False,True
0,3,0,0.27961181545932834,0,0,-0.4894421904510968,,False,False
0,3,0,-0.719436147717457,0,0,-0.5064721088735089,,False,True
0,3,1,1.3555096219574048,1,0,-0.35646868933346404,,False,True
1,2,1,-0.027787557825836348,1,0,-0.12491978668775715,,False,True
0,2,0,-0.33518693111100106,0,0,-0.3866707201133388,,False,True
0,2,0,-0.48888661775358344,0,0,-0.3454791770670269,,False,False
1,1,1,-0.7962859910387481,0,2,-0.11921562980779811,D47,False,True
0,1,0,0.5870111887444931,1,0,0.4207302360686478,C123,False,True
0,3,0,-1.0268355210026217,0,0,-0.4628462821463391,,False,True
0,1,0,-0.41203677443229225,0,0,0.9462455716384695,B86,False,False
0,3,1,-0.10463740114712752,0,2,-0.3414522396297103,,False,False
1,3,1,-0.5657364610748746,0,0,-0.49237782784290063,,False,True
1,3,1,-0.41203677443229225,1,0,-0.32928686163157667,,False,True
0,3,0,-0.7962859910387481,0,0,-0.5125125150294839,,True,False
0,2,0,-0.8731358343600393,0,0,-0.41687275089321363,,False,True
0,2,0,-0.7962859910387481,1,1,0.09152810056801232,,False,True
1,3,0,-0.1814872444684187,0,0,-0.49145565916975514,,False,True
0,3,1,-1.56478442425166,2,2,0.04370821849987721,,False,True
0,2,0,0.5485862670838475,0,2,-0.12491978668775715,F2,False,True
0,2,0,0.9712604053509489,0,0,-0.3866707201133388,,False,True
0,2,0,1.6629089952425695,0,0,-0.39623469652696586,,False,True
1,1,1,-0.5657364610748746,1,0,0.6925485130875209,C2,False,True
0,3,0,2.00873329018838,0,0,-0.4863374216869257,,False,True
0,3,0,0.8559856403690123,0,2,-0.35646868933346404,,False,True
0,3,0,-0.10463740114712752,0,0,-0.5011867534870308,,False,True
0,1,0,1.6629089952425695,0,1,0.5874293382238074,,False,False
1,3,1,-1.0268355210026217,0,0,-0.49271407711891657,,True,False
0,3,0,0.04906228549545483,0,0,-0.4863374216869257,,False,True
0,3,0,-0.10463740114712752,0,0,-0.47400492578514347,,False,True
0,3,0,-0.10463740114712752,8,2,0.7519458402879414,,False,True
0,3,0,1.1249600919935314,0,1,-0.32425318983493084,,False,True
1,2,1,0.8175607187083667,0,0,-0.331300330350235,,False,True
0,3,0,-0.2583370877897099,0,0,-0.4918744606632361,,False,True
0,3,0,-0.9499856776813305,0,0,-0.47400492578514347,,False,True
0,3,0,-2.1795831708219895,4,1,0.1506737441786005,,False,True
1,3,0,-1.56478442425166,0,2,-0.2351571990343002,,False,True
1,1,1,-0.10463740114712752,0,1,0.4589861417231558,E33,False,True
0,3,1,1.2018099353148226,1,4,-0.08666388103324908,,False,True
0,1,0,-0.10463740114712752,0,0,-0.12642988822675086,,False,True
0,3,0,-0.10463740114712752,0,0,0.48910360681684706,,False,True
0,1,0,2.4314074284554814,0,0,0.026090367211616904,B19,False,True
0,3,0,-1.949033640858116,4,1,-0.06199888922968463,,True,False
1,3,1,-2.1795831708219895,1,1,-0.4242561406845337,,False,True
0,3,0,-0.6425863043961658,0,0,-0.4888542575852486,,False,True
0,1,0,2.0471582118490255,0,0,-0.030371322596999754,A7,False,False
0,3,0,-0.8731358343600393,1,1,-0.4902797934380587,,False,True
0,3,0,-0.10463740114712752,3,1,-0.13565761536436197,,False,True
0,1,1,1.5860591519212783,0,0,-0.07030444769415023,C49,False,False
0,2,0,0.04906228549545483,0,0,-0.3866707201133388,,False,True
0,3,0,0.5101613454232019,0,0,-0.6484216535389205,,False,True
0,3,1,-0.10463740114712752,8,2,0.7519458402879414,,False,True
0,2,0,-0.10463740114712752,0,0,-0.34539461138084326,,False,False
0,3,0,-1.56478442425166,4,2,-0.016444159470040135,,False,True
1,2,0,-2.1795831708219895,2,1,0.13683114673782454,F4,False,True
1,3,1,-1.949033640858116,0,2,-0.20495516825442542,,False,True
0,1,0,-0.10463740114712752,0,0,0.3583127057902398,A32,False,True
1,3,1,-0.10463740114712752,1,0,-0.3363340021468808,,True,False
1,1,0,1.2018099353148226,0,0,-0.11384570873513637,,False,True
0,3,0,0.8175607187083667,1,1,-0.3363340021468808,,True,False
0,3,0,0.5101613454232019,0,0,-0.4894421904510968,,False,True
1,2,1,0.20276197213803718,0,0,-0.3866707201133388,,False,True
0,2,0,-0.7962859910387481,0,0,-0.3866707201133388,,False,True
1,3,1,-0.7962859910387481,1,0,-0.4902797934380587,,False,True
1,2,0,-2.025883484179407,1,1,-0.12491978668775715,F2,False,True
1,1,1,1.1249600919935314,0,0,-0.09027201697708476,B4,False,False
1,1,1,2.200857898491608,0,0,2.301728820789,B80,False,False
0,3,0,-0.10463740114712752,0,0,-0.49237782784290063,,True,False
0,3,0,0.9712604053509489,0,1,-0.47920571548543794,,False,True
1,3,1,-0.10463740114712752,0,0,-0.49237782784290063,,True,False
0,2,1,-0.41203677443229225,0,0,-0.3866707201133388,,False,True
0,3,0,-0.10463740114712752,0,0,-0.45714212526638004,,False,True
0,3,0,-0.10463740114712752,8,2,0.7519458402879414,,False,True
0,3,0,0.35646165878061953,0,0,-0.5176307525123133,,False,True
0,3,0,1.2402348569754682,0,0,-0.5029485386158568,,False,False
1,3,0,-0.8731358343600393,0,0,-0.4863374216869257,,False,True
0,3,1,-2.1027333275006983,0,1,-0.43776248884929375,G6,False,True
0,3,0,0.20276197213803718,1,0,-0.32928686163157667,,False,True
1,3,0,-0.2583370877897099,0,0,-0.2701412180209885,,False,False
1,3,1,-1.0268355210026217,0,0,-0.49237782784290063,,True,False
1,1,0,0.8175607187083667,0,0,-0.024246350754841113,A31,False,False
0,3,0,-0.41203677443229225,0,0,-0.5064721088735089,,False,True
1,2,1,0.4333115021019107,0,0,-0.22559322262067316,,False,True
0,3,0,-0.5657364610748746,0,0,-0.5024451714361923,,False,True
0,2,0,0.04906228549545483,0,0,-0.3866707201133388,,False,True
0,3,0,-0.10463740114712752,1,0,-0.49237782784290063,,True,False
1,1,1,0.12591212881674602,1,0,1.6323350375212924,D36,False,False
1,3,1,-0.1814872444684187,0,0,-0.4888542575852486,,False,True
0,2,0,0.9712604053509489,1,0,-0.10478509950117394,,False,True
1,1,1,0.20276197213803718,0,0,0.8876878608937296,D15,False,False
0,2,0,0.04906228549545483,0,0,-0.43700743807979686,,False,True
1,3,0,-1.0268355210026217,0,0,-0.4863374216869257,,False,True
0,2,0,-0.1814872444684187,0,0,-0.3866707201133388,,False,True
0,3,0,1.6629089952425695,0,0,-0.4863374216869257,,False,True
0,3,0,-0.10463740114712752,0,0,-0.4894421904510968,,False,True
1,1,0,0.6638610320657843,1,0,1.163700193253568,C93,False,True
0,3,0,-0.5657364610748746,0,0,-0.4601623283443675,,False,True
1,2,0,-0.7962859910387481,0,0,-0.43700743807979686,,False,True
0,3,0,-0.6810112260568114,0,0,-0.5024451714361923,,False,True
0,2,0,-0.8731358343600393,0,0,-0.3866707201133388,,False,True
0,3,1,-0.10463740114712752,3,1,-0.13565761536436197,,False,True
1,1,1,0.4333115021019107,1,0,1.0323213593611125,C83,False,True
0,3,0,-0.027787557825836348,0,0,-0.4918744606632361,,False,True
0,2,0,2.277707741812899,0,0,-0.3766033765200472,,False,True
1,3,1,-1.8721837975368247,4,2,-0.016444159470040135,,False,True
0,2,0,-0.41203677443229225,0,0,-0.43700743807979686,,False,True
0,3,1,-0.10463740114712752,0,0,-0.49640476528021726,,False,True
0,2,0,1.1249600919935314,1,0,-0.12491978668775715,,False,True
1,2,1,-1.6416342675729512,0,2,-0.11988611489111134,,False,True
0,2,0,-0.7962859910387481,0,0,-0.43700743807979686,,False,True
0,2,0,0.27961181545932834,0,0,-0.4012683683236117,,False,True
0,3,1,-0.10463740114712752,1,0,-0.3573908580066095,,False,False
1,3,1,-0.10463740114712752,1,0,-0.3363340021468808,,True,False
0,2,0,-0.027787557825836348,0,0,-0.43700743807979686,,False,True
0,3,0,-0.5657364610748746,0,0,-0.5049620073345151,,False,True
0,3,0,0.04906228549545483,0,0,-0.5029485386158568,,False,False
0,1,0,1.1249600919935314,2,0,1.163700193253568,C78,True,False
0,3,1,-0.33518693111100106,0,0,-0.4918744606632361,,False,True
1,2,1,-0.41203677443229225,0,2,-0.35646868933346404,,False,True
1,1,0,0.5870111887444931,1,1,0.40974072380221066,D35,False,True
0,2,0,1.893458525206443,1,0,-0.12491978668775715,,False,True
0,3,0,-0.10463740114712752,0,0,-0.5024451714361923,,False,True
0,3,1,-0.027787557825836348,1,1,-0.43776248884929375,G6,False,True
0,1,0,2.5082572717767726,0,0,-0.11384570873513637,C87,False,True
0,3,0,0.04906228549545483,1,0,-0.32425318983493084,,False,True
0,3,1,0.8944105620296577,0,2,-0.2414492887801075,,False,True
1,3,1,-0.027787557825836348,0,2,-0.3414522396297103,,False,False
1,1,1,-0.10463740114712752,0,0,0.9462455716384695,,False,False
1,1,1,0.04906228549545483,0,0,1.093228788100527,B77,False,True
1,1,1,0.4333115021019107,0,0,9.667166525013505,,False,False
1,2,1,1.5860591519212783,0,1,-0.12491978668775715,,False,True
0,3,0,-0.10463740114712752,0,0,-0.49237782784290063,,True,False
1,3,0,-2.025883484179407,4,2,-0.016444159470040135,,False,True
0,1,0,1.7397588385638607,1,1,0.955306180872432,E67,False,True
0,1,0,0.8175607187083667,0,0,-0.6484216535389205,B94,False,True
0,3,1,-0.10463740114712752,0,0,-0.49237782784290063,,True,False
0,2,0,0.5101613454232019,0,0,-0.43700743807979686,,False,True
0,3,0,-1.0268355210026217,4,1,0.1506737441786005,,False,True
1,3,0,-0.33518693111100106,1,0,-0.4918744606632361,,False,True
1,1,1,2.200857898491608,0,1,2.441497778832105,C125,False,True
1,1,1,0.4333115021019107,0,0,2.0825124140450755,C99,False,True
0,1,0,-0.10463740114712752,0,0,-0.024246350754841113,,False,True
1,3,0,-0.33518693111100106,0,0,-0.6484216535389205,,False,True
1,2,1,0.8944105620296577,0,1,-0.255795253400548,,False,True
0,1,0,0.5870111887444931,0,1,-0.05042144409739929,C118,False,False
1,3,1,-0.10463740114712752,0,0,-0.49237782784290063,,True,False
1,1,1,2.585107115098064,1,0,0.921244330558889,D7,False,True
0,3,1,1.2018099353148226,0,0,-0.49237782784290063,,False,True
0,2,0,-0.10463740114712752,0,0,-0.6484216535389205,,False,True
0,3,0,-1.7184841108942424,4,1,-0.06199888922968463,,True,False
1,3,1,0.4333115021019107,1,1,-0.24069423801061057,,False,True
0,3,0,2.738806801740646,0,0,-0.49237782784290063,,True,False
0,3,0,-0.10463740114712752,0,0,-0.4902797934380587,,False,True
0,3,0,-1.0268355210026217,0,0,-0.45714212526638004,,False,True
1,3,0,-0.7962859910387481,0,0,-0.4863374216869257,,False,True
0,1,0,-0.10463740114712752,0,0,-0.12491978668775715,A19,False,True
0,3,0,0.27961181545932834,0,0,-0.47400492578514347,,False,False
1,3,0,0.04906228549545483,0,0,-0.45714212526638004,,False,True
0,3,0,-0.5657364610748746,0,0,-0.4894421904510968,,False,True
1,2,0,0.9712604053509489,0,0,-0.3866707201133388,,False,True
1,3,1,-0.5657364610748746,0,0,-0.49237782784290063,,True,False
1,1,1,-0.2583370877897099,0,0,0.9391984311231651,,False,True
1,1,1,-0.7962859910387481,1,0,1.1854295476653287,B49,False,False
0,2,0,0.5101613454232019,0,0,-0.3891875560116617,D,False,False
0,3,1,-0.41203677443229225,0,0,-0.4702296719376591,,False,True
0,3,0,-0.41203677443229225,0,0,-0.4894421904510968,,False,True
0,1,0,-0.10463740114712752,0,0,-0.09027201697708476,,False,False
0,3,0,-0.45046169609293785,0,0,-0.5028639729296732,,False,False
0,1,1,-2.1027333275006983,1,2,2.4029901895877646,C22 C26,False,True
1,1,0,-0.10463740114712752,0,0,-0.034313694348132716,C106,False,True
1,1,1,1.5860591519212783,0,1,4.335332226633905,B58 B60,False,False
1,3,1,-0.10463740114712752,0,0,-0.49237782784290063,,True,False
1,3,0,-0.10463740114712752,2,0,-0.18029017645086096,,True,False
0,3,0,-0.7962859910387481,0,0,-0.6484216535389205,,False,True
1,2,1,-0.10463740114712752,0,0,-0.3997582667846179,E101,True,False
0,3,0,-0.10463740114712752,0,0,-0.4863374216869257,,False,True
1,1,0,-2.1857311582876924,1,2,2.4029901895877646,C22 C26,False,True
1,1,1,-0.10463740114712752,0,0,1.5841789061771412,,False,False
1,1,1,-0.9499856776813305,1,0,1.5442457810799908,C65,False,False
0,2,0,0.04906228549545483,1,0,-0.16518916106092355,,False,False
1,1,1,0.04906228549545483,0,0,0.49782998024351216,E36,False,False
1,1,1,-0.41203677443229225,0,0,1.0259447039291216,C54,False,False
1,1,1,-0.8731358343600393,2,2,4.634416897040849,B57 B59 B63 B66,False,False
0,2,1,-0.2583370877897099,1,1,-0.12491978668775715,,False,True
0,3,0,-0.10463740114712752,0,0,-0.4894421904510968,,False,True
0,2,0,1.0481102486722402,1,1,-0.11988611489111134,,False,True
1,3,1,-0.2583370877897099,0,0,-0.4902797934380587,,False,True
1,2,1,-0.41203677443229225,1,0,-0.12491978668775715,,False,True
0,2,0,1.893458525206443,0,0,-0.36653603292675563,,False,True
1,1,1,0.12591212881674602,0,2,2.671117778445337,C7,False,True
1,1,1,0.8175607187083667,1,1,2.059693773056521,E34,False,False
0,3,0,-0.5657364610748746,0,0,-0.5024451714361923,,False,True
0,3,0,-0.1814872444684187,0,0,-0.4894421904510968,,False,True
1,2,1,0.04906228549545483,0,0,-0.3997582667846179,,True,False
1,2,1,-0.5657364610748746,1,1,-0.06451572512800753,,False,True
0,3,0,-0.10463740114712752,8,2,0.7519458402879414,,False,True
1,1,1,0.5101613454232019,0,0,2.0825124140450755,C32,False,False
0,3,0,2.4314074284554814,0,0,-0.5228315422126077,,False,True
1,2,1,0.5101613454232019,0,0,-0.3866707201133388,D,False,True
1,3,1,0.12591212881674602,1,1,-0.2351571990343002,,False,True
1,1,1,-1.0268355210026217,0,1,0.5189714017894245,B18,False,False
1,3,1,-0.10463740114712752,2,0,-0.18029017645086096,,True,False
0,1,0,1.2402348569754682,0,0,-0.07458306872129913,C124,False,True
0,1,0,0.6638610320657843,0,1,2.441497778832105,C91,False,True
0,3,0,-1.0268355210026217,2,0,-0.2859972841804228,,False,True
1,1,1,-0.10463740114712752,1,0,2.042579288947925,,False,True
0,3,0,-0.10463740114712752,0,0,-0.4894421904510968,,False,True
0,1,0,-0.027787557825836348,1,0,0.6925485130875209,C2,False,True
1,1,1,0.8944105620296577,0,0,2.059693773056521,E40,False,False
1,3,0,1.2018099353148226,0,0,-0.4863374216869257,,False,True
0,1,0,1.2018099353148226,0,0,0.06635974158478332,T,False,True
1,2,0,-2.1027333275006983,1,1,-0.12491978668775715,F2,False,True
1,1,1,-0.41203677443229225,3,2,4.647001076532463,C23 C25 C27,False,True
0,2,0,-0.10463740114712752,0,0,-0.3866707201133388,,False,True
0,2,0,-0.33518693111100106,0,0,-0.3866707201133388,,False,True
0,2,0,0.5101613454232019,0,0,-0.3866707201133388,,False,True
1,2,1,-0.41203677443229225,0,0,-0.3866707201133388,F33,False,True
1,2,1,0.8175607187083667,0,0,-0.3866707201133388,,False,True
1,3,1,-0.10463740114712752,1,0,-0.32425318983493084,,False,True
1,3,0,-2.025883484179407,1,1,-0.32828012727224753,,False,True
0,3,0,0.9712604053509489,0,0,-0.47400492578514347,,False,True
0,3,0,-0.48888661775358344,0,0,-0.4626791642426904,,False,True
0,1,0,-0.10463740114712752,0,0,0.05629239799149171,C128,False,True
0,3,0,-1.1036853643239128,1,1,-0.5028639729296732,,False,False
0,3,0,-0.33518693111100106,1,0,-0.29002422161773944,,False,True
0,3,0,-0.10463740114712752,0,0,-0.5029485386158568,,False,False
0,3,0,-0.10463740114712752,0,0,-0.45714212526638004,,False,True
1,1,1,-0.5657364610748746,0,1,0.4589861417231558,E33,False,True
0,2,1,0.6638610320657843,0,0,-0.3866707201133388,,False,True
1,3,1,-0.10463740114712752,0,0,-0.48977642625839407,,True,False
1,3,1,-0.10463740114712752,0,0,-0.48977642625839407,,True,False
0,3,0,0.8175607187083667,1,4,-0.08666388103324908,,False,True
0,2,0,-0.027787557825836348,1,0,-0.09027201697708476,,False,False
0,3,1,1.2018099353148226,0,1,-0.3573908580066095,,False,False
0,3,0,0.4333115021019107,0,0,-0.5064721088735089,,False,True
0,3,0,-0.10463740114712752,1,0,-0.3363340021468808,,True,False
0,3,0,0.04906228549545483,0,0,-0.5024451714361923,,False,True
1,1,1,2.3545575851341902,1,0,0.8667135572514657,D37,False,False
1,3,1,-0.10463740114712752,0,0,-0.5028639729296732,,False,False
1,3,1,-0.10463740114712752,0,0,-0.49237782784290063,,True,False
1,1,1,-0.41203677443229225,0,0,0.7469121684912956,B35,False,False
1,1,0,-0.33518693111100106,1,0,0.4678796330534696,E50,False,False
0,3,0,-0.8731358343600393,1,0,-0.5176307525123133,,False,True
0,3,0,-0.7962859910387481,0,0,-0.4863374216869257,,False,True
0,1,0,-0.5657364610748746,0,0,2.0825124140450755,,False,False
0,3,1,-2.025883484179407,3,1,-0.22408312108167944,,False,True
1,1,1,-0.10463740114712752,1,0,1.0060617003323709,,False,False
1,3,1,-0.5657364610748746,0,0,-0.5024451714361923,,False,True
0,1,0,-0.1814872444684187,0,2,3.610064686423428,C82,False,False
0,3,0,-0.719436147717457,0,0,-0.5676312212027554,,False,False
0,3,0,-0.7962859910387481,0,0,-0.4918744606632361,,False,True
1,1,1,0.9712604053509489,0,0,3.9327230485884233,,False,False
1,3,1,-2.1795831708219895,0,2,-0.33146744825388363,,False,False
0,3,0,0.20276197213803718,0,0,-0.4888542575852486,,False,True
1,1,1,0.4333115021019107,1,0,0.39858208016340624,,False,True
0,3,0,-0.10463740114712752,0,0,-0.4894421904510968,,False,True
0,2,0,-0.8731358343600393,0,0,0.8314778546749452,,False,True
0,3,0,-2.1795831708219895,5,2,0.2958951755118318,,False,True
1,2,1,0.5101613454232019,0,0,-0.3866707201133388,,False,True
0,3,0,-0.10463740114712752,0,0,-0.49279662933638163,,True,False
1,2,1,-0.9499856776813305,0,0,-0.40680540729992204,,False,False
1,1,0,0.5101613454232019,1,2,1.7677408088510642,B96 B98,False,True
1,3,0,-0.6425863043961658,0,0,-0.49145565916975514,,False,True
0,3,0,-0.10463740114712752,2,0,-0.4888542575852486,,False,True
1,1,1,-0.48888661775358344,1,0,1.6323350375212924,D36,False,False
1,3,1,-0.41203677443229225,0,2,-0.312172377522981,G6,False,True
0,3,0,-0.5657364610748746,0,0,-0.49145565916975514,,False,True
0,3,1,0.12591212881674602,0,0,-0.4902797934380587,,False,True
0,2,0,1.2786597786361138,0,0,-0.12491978668775715,,False,True
0,2,0,-0.48888661775358344,0,0,-0.43700743807979686,,False,True
1,2,1,-0.10463740114712752,0,0,-0.393717860628643,,False,True
1,3,0,0.7407108753870755,0,0,-0.4888542575852486,,False,True
0,3,0,-0.2583370877897099,0,0,-0.4863374216869257,,False,True
0,3,1,-0.6425863043961658,1,0,-0.4505983519307405,,False,True
0,3,0,-0.10463740114712752,1,0,-0.32928686163157667,,False,True
0,3,1,-0.719436147717457,0,0,-0.47400492578514347,,False,True
0,2,0,0.35646165878061953,1,0,-0.22559322262067316,,False,True
0,3,0,1.6629089952425695,0,0,-0.49237782784290063,,False,True
1,2,0,-2.025883484179407,1,1,-0.2708962687904854,,False,True
0,3,0,-0.6425863043961658,0,0,-0.4918744606632361,,False,True
0,3,1,-0.10463740114712752,3,1,-0.13565761536436197,,False,True
0,3,0,-0.10463740114712752,0,0,-0.4894421904510968,,False,True
0,3,0,-0.10463740114712752,0,0,-0.5103319284071769,,True,False
1,1,1,0.27961181545932834,1,0,1.163700193253568,C78,True,False
0,2,0,-0.10463740114712752,0,0,-0.6484216535389205,,False,True
1,3,0,1.1249600919935314,0,0,-0.4888542575852486,,False,True
0,3,1,-0.10463740114712752,0,0,-0.4863374216869257,,False,True
1,2,1,0.35646165878061953,1,1,0.005955680025033696,,False,True
1,2,1,-0.8731358343600393,0,2,-0.3866707201133388,,False,True
0,2,0,0.04906228549545483,0,0,-0.3866707201133388,,False,True
0,3,1,-1.4879345809303688,0,2,-0.1621689579829361,,False,True
0,3,0,-0.10463740114712752,0,0,-0.4894421904510968,,False,False
0,3,0,-0.6425863043961658,0,0,-0.49271407711891657,,True,False
0,3,0,-0.027787557825836348,0,0,-0.4898609919445778,,False,True
0,3,1,-0.10463740114712752,1,1,-0.35848215805212236,,False,True
0,3,0,-0.8731358343600393,1,1,-0.2414492887801075,,False,True
0,3,0,-0.10463740114712752,0,0,-0.5024451714361923,,False,True
1,2,1,-0.10463740114712752,1,0,-0.12491978668775715,,False,True
1,2,1,-0.7962859910387481,0,0,-0.12491978668775715,,False,True
0,3,0,-0.10463740114712752,0,0,-0.49237782784290063,,True,False
1,3,0,0.20276197213803718,0,0,-0.4863374216869257,E10,False,True
1,1,0,-0.10463740114712752,0,0,-0.11384570873513637,C52,False,True
1,3,1,-0.10463740114712752,1,0,-0.32425318983493084,,False,True
1,2,1,0.9712604053509489,1,0,-0.12491978668775715,,False,True
0,3,0,-0.9499856776813305,0,0,-0.5049620073345151,,False,True
0,1,0,1.5860591519212783,1,0,0.4771073601910807,E44,False,True
1,1,1,-1.180535207645204,1,2,1.7677408088510642,B96 B98,False,True
0,3,1,-0.6425863043961658,2,2,0.04370821849987721,,False,True
1,2,1,-0.41203677443229225,2,3,-0.2708962687904854,,False,True
0,1,0,2.661956958419355,1,4,4.647001076532463,C23 C25 C27,False,True
0,2,0,0.12591212881674602,0,0,-0.43700743807979686,,False,True
1,2,1,1.2018099353148226,1,1,-0.11988611489111134,,False,True
0,3,0,-0.719436147717457,0,0,-0.45714212526638004,,False,True
0,3,0,-0.33518693111100106,1,0,-0.4918744606632361,,False,True
1,2,1,-0.10463740114712752,0,0,-0.3866707201133388,,False,True
1,3,0,-0.10463740114712752,0,0,-0.48507900373776425,,False,True
1,1,0,-1.949033640858116,0,2,0.9997696105865636,A34,False,True
1,2,1,-1.2573850509664952,0,1,-0.255795253400548,,False,True
1,1,0,0.35646165878061953,0,0,-0.11384570873513637,,False,True
1,3,1,-1.8721837975368247,2,1,-0.26066180729354516,,False,False
1,1,0,1.7397588385638607,0,0,-0.034313694348132716,C104,False,True
0,2,0,0.5101613454232019,1,2,-0.08968408411123653,,False,True
0,3,0,-0.10463740114712752,1,0,-0.2463983948905696,,False,True
0,1,0,0.04906228549545483,0,0,-0.08968408411123653,C111,False,False
1,1,0,1.5092093085999871,1,0,1.145663540471827,C92,False,False
0,3,0,-0.10463740114712752,0,0,-0.4863374216869257,,False,True
1,3,0,-0.027787557825836348,0,0,-0.4894421904510968,,False,False
0,1,0,2.738806801740646,0,0,-0.11384570873513637,E38,False,True
1,1,1,-0.10463740114712752,1,0,0.395813560675251,D21,False,True
1,2,1,1.5860591519212783,0,0,-0.43700743807979686,,False,True
0,3,0,-0.10463740114712752,0,0,-0.49237782784290063,,True,False
1,1,0,1.432359465278696,0,0,-0.11384570873513637,E12,False,True
0,3,0,0.35646165878061953,0,0,-0.4863374216869257,,False,True
0,1,0,1.3555096219574048,0,0,0.12676380314453292,E63,False,True
0,2,0,1.432359465278696,0,0,-0.3866707201133388,,False,True
0,3,0,-0.10463740114712752,0,0,-0.4863374216869257,,False,True
0,3,0,0.6638610320657843,0,0,-0.5064721088735089,,False,True
0,2,0,-0.10463740114712752,0,0,-0.6484216535389205,,False,True
0,1,0,2.0471582118490255,0,0,-0.11384570873513637,,False,True
0,3,0,-0.10463740114712752,0,0,-0.4928811950225652,,True,False
1,3,1,-2.1987956316523123,2,1,-0.26066180729354516,,False,False
0,3,0,-0.10463740114712752,0,0,-0.5024451714361923,,False,True
0,3,0,0.6638610320657843,0,0,-0.47400492578514347,,False,True
1,2,1,0.27961181545932834,1,2,-0.08968408411123653,,False,True
1,2,1,-0.48888661775358344,0,0,-0.3707300882677209,D,False,False
0,3,1,-0.5657364610748746,0,0,-0.45034666834090825,,False,True
0,1,0,-0.10463740114712752,0,0,0.39858208016340624,A14,False,True
0,2,0,0.35646165878061953,1,0,-0.22559322262067316,,False,True
0,3,0,-0.027787557825836348,1,0,-0.5065566745596926,,False,True
0,3,0,-0.5657364610748746,0,0,-0.4969926981460655,,False,True
1,3,1,-2.1027333275006983,0,1,-0.4010166847337793,,False,True
0,3,0,-1.56478442425166,5,2,0.2958951755118318,,False,True
0,2,0,-0.10463740114712752,0,0,-0.6484216535389205,,False,True
0,3,0,1.5860591519212783,0,0,-0.4863374216869257,,False,True
1,3,1,2.585107115098064,0,0,-0.455380340137554,,False,True
1,1,0,-0.33518693111100106,1,0,1.1854295476653287,B49,False,False
0,3,1,-0.10463740114712752,3,1,-0.13565761536436197,,False,True
1,1,1,0.4333115021019107,1,0,1.163700193253568,C93,False,True
0,1,0,2.200857898491608,0,0,-0.05042144409739929,B37,False,False
0,3,0,0.04906228549545483,0,0,-0.4863374216869257,,False,True
1,3,0,-1.56478442425166,1,1,-0.32828012727224753,,False,True
0,3,0,-0.10463740114712752,1,0,-0.2463983948905696,,False,True
0,3,0,-0.6425863043961658,0,0,-0.5024451714361923,,False,True
0,1,0,1.9703083685277343,0,0,-0.034313694348132716,C30,False,True
0,1,0,3.1999058616683933,0,0,0.3483299278831318,,False,False
0,3,0,-0.6425863043961658,0,0,-0.4863374216869257,,False,True
0,3,0,-0.10463740114712752,0,0,-0.3573083057891445,,False,False
1,1,1,1.893458525206443,1,0,0.9274538680872313,D20,False,False
0,3,0,-0.10463740114712752,0,0,-0.3443878770215141,,False,True
0,1,1,-0.33518693111100106,1,2,2.4029901895877646,C22 C26,False,True
0,3,0,-0.41203677443229225,0,0,-0.49145565916975514,,False,True
0,3,0,-0.9499856776813305,0,0,-0.47400492578514347,,False,True
0,3,1,-0.6425863043961658,0,0,-0.49237782784290063,,True,False
0,3,1,-0.10463740114712752,0,0,-0.4948100980550399,,True,False
0,3,1,0.5870111887444931,0,0,-0.455380340137554,,False,True
1,1,1,-1.0268355210026217,0,0,1.093228788100527,B79,False,True
0,1,0,-0.8731358343600393,1,0,1.5442457810799908,C65,False,False
1,2,1,0.27961181545932834,0,2,-0.12491978668775715,,False,True
1,1,0,-0.10463740114712752,0,0,-0.11384570873513637,,False,True
0,3,0,-0.10463740114712752,0,0,-0.1948878246611338,,False,True
1,3,0,-0.2583370877897099,0,0,0.48910360681684706,,False,True
1,3,0,-0.027787557825836348,0,0,-0.49237782784290063,,True,False
0,3,0,-0.10463740114712752,0,0,-0.4863374216869257,,False,True
1,1,0,0.5101613454232019,0,0,-0.11913106412161445,E25,False,True
1,1,1,1.893458525206443,1,0,0.5475787653441219,,False,False
0,3,0,-0.41203677443229225,0,0,-0.4974960653257301,,False,True
0,1,0,1.3555096219574048,0,0,0.036576512298389464,D46,False,True
1,2,1,0.35646165878061953,0,0,-0.43700743807979686,F33,False,True
0,3,0,-0.10463740114712752,0,0,-0.1621689579829361,,True,False
1,2,1,0.5101613454232019,1,0,-0.12491978668775715,,False,True
0,3,0,0.20276197213803718,0,0,-0.4894421904510968,,False,True
1,1,1,0.04906228549545483,0,0,1.2341715984066093,B73,False,True
0,3,0,-0.5657364610748746,0,0,-0.4894421904510968,,False,True
0,3,0,-0.10463740114712752,0,0,-0.5029485386158568,,False,False
1,1,1,1.1249600919935314,0,1,0.5189714017894245,B18,False,False
0,3,0,-0.10463740114712752,0,0,-0.5028639729296732,,False,False
0,3,0,0.8559856403690123,0,0,-0.49237782784290063,,True,False
1,2,1,1.5860591519212783,0,0,-0.43700743807979686,,False,True
0,1,0,-0.10463740114712752,0,0,3.817033162951754,C95,False,True
0,3,0,0.7407108753870755,0,0,-0.4888542575852486,,False,True
0,2,0,-0.48888661775358344,2,1,-0.41687275089321363,,False,True
1,2,1,-2.1027333275006983,1,1,-0.12491978668775715,,False,True
0,3,0,-0.10463740114712752,0,0,-0.5028639729296732,,False,False
0,3,0,-0.9499856776813305,1,1,-0.5028639729296732,,False,False
1,3,1,-0.10463740114712752,0,2,-0.19824427701513722,,False,False
0,3,1,0.04906228549545483,0,0,-0.47400492578514347,,False,True
1,2,1,-1.7184841108942424,0,2,-0.11988611489111134,,False,True
0,1,0,1.2018099353148226,0,0,-0.11384570873513637,B38,False,True
1,1,1,0.04906228549545483,0,0,1.4944124302931971,,False,False
0,3,0,-0.10463740114712752,0,0,-0.35646868933346404,,False,True
1,1,1,-0.5657364610748746,0,2,0.3482453621969482,B39,False,False
1,1,1,0.5101613454232019,0,2,0.7811411367084872,B22,False,True
0,3,1,-1.56478442425166,4,2,-0.01870931177853076,,False,True
0,3,1,-1.4110847376090776,4,2,-0.01870931177853076,,False,True
1,2,0,0.20276197213803718,1,0,-0.12491978668775715,,False,True
0,1,0,1.5860591519212783,1,0,1.4944124302931971,C86,False,False
0,1,0,2.661956958419355,0,0,-0.12491978668775715,,False,True
1,2,1,-0.7962859910387481,1,0,-0.12491978668775715,,False,True
1,2,0,-0.10463740114712752,0,0,-0.3693045524149108,,False,False
0,3,0,0.27961181545932834,1,1,-0.2351571990343002,,False,True
1,2,0,-1.6416342675729512,1,1,0.09152810056801232,,False,True
1,1,0,-0.9499856776813305,0,2,1.5841789061771412,C70,False,False
0,2,0,-0.1814872444684187,0,0,-0.12491978668775715,,False,True
0,3,0,-0.10463740114712752,0,0,-0.49078316061772326,,True,False
1,3,0,-0.5657364610748746,0,0,-0.5029485386158568,,False,False
1,3,1,-0.5657364610748746,0,0,-0.4918744606632361,,False,True
0,1,0,2.5082572717767726,0,0,-0.11384570873513637,,False,True
1,1,1,1.432359465278696,1,0,0.1489119590497745,A16,False,False
0,1,0,-0.10463740114712752,0,0,3.9327230485884233,,False,False
1,1,1,0.7407108753870755,1,1,0.955306180872432,E67,False,True
1,3,1,0.5101613454232019,1,0,-0.29807809649237277,,False,True
0,3,0,-0.10463740114712752,0,0,-0.49237782784290063,,True,False
0,3,0,0.8175607187083667,0,0,-0.4894421904510968,,False,True
0,2,0,-0.10463740114712752,0,0,-0.3766033765200472,,False,True
0,3,0,-0.10463740114712752,0,0,-0.4863374216869257,,False,True
0,3,1,-0.10463740114712752,0,0,-0.4863374216869257,,False,True
0,3,0,-0.41203677443229225,2,0,-0.1621689579829361,,False,True
0,3,0,-0.7962859910387481,0,0,-0.4894421904510968,,False,True
0,3,1,-0.027787557825836348,0,4,-0.22408312108167944,,False,True
0,3,0,-0.10463740114712752,0,0,-0.5028639729296732,,False,False
1,3,0,0.20276197213803718,0,0,-0.4902797934380587,,False,True
1,2,0,2.5082572717767726,0,0,-0.43700743807979686,,False,True
1,1,1,1.816608681885152,2,0,0.38809593507663365,C101,False,True
1,1,0,0.5101613454232019,0,0,-0.11711759540295616,E25,False,True
1,3,1,-0.10463740114712752,0,0,-0.49237782784290063,,True,False
0,3,0,-1.0268355210026217,0,0,-0.4863374216869257,,False,True
0,3,0,-0.7962859910387481,0,0,-0.35646868933346404,,False,True
1,2,1,0.35646165878061953,0,0,-0.3866707201133388,,False,True
1,1,1,0.7407108753870755,1,0,0.4771073601910807,E44,False,True
0,3,1,-0.10463740114712752,1,0,-0.3573083057891445,,False,False
1,3,0,0.20276197213803718,0,0,-0.4888542575852486,,False,True
1,2,1,-0.33518693111100106,1,1,-0.04438103794142432,,False,True
1,1,1,0.7407108753870755,1,1,1.5841789061771412,C68,False,False
0,2,0,1.893458525206443,0,0,-0.12491978668775715,,False,True
0,1,0,0.5101613454232019,0,0,0.15948266982273065,A10,False,False
0,3,0,-0.10463740114712752,0,0,-0.47299819142581434,,False,False
1,1,1,-0.8731358343600393,0,2,0.955306180872432,E68,False,True
0,2,0,1.3555096219574048,0,0,-0.3464013457401724,,False,True
1,1,0,2.3545575851341902,1,1,0.9462455716384695,B41,False,False
0,3,0,-0.5657364610748746,0,0,-0.4863374216869257,,False,True
0,3,0,-0.10463740114712752,0,0,-0.4863374216869257,,False,True
0,3,0,0.4333115021019107,0,0,-0.5049620073345151,,False,True
1,1,1,1.7397588385638607,1,0,0.9274538680872313,D20,False,False
0,3,0,1.3555096219574048,0,0,-0.5024451714361923,,False,True
0,3,1,-0.10463740114712752,0,2,-0.49237782784290063,,True,False
0,2,0,0.5870111887444931,1,0,-0.12491978668775715,,False,True
0,3,0,0.5101613454232019,1,1,-0.1621689579829361,,False,True
1,2,1,-0.10463740114712752,0,0,0.016023023618325298,,False,True
0,3,0,1.5092093085999871,0,0,-0.6484216535389205,,False,True
0,3,0,-0.10463740114712752,0,0,-0.5029485386158568,,False,False
1,1,0,1.5092093085999871,1,0,0.49782998024351216,A20,False,False
1,2,1,-0.41203677443229225,2,1,-0.10478509950117394,,False,True
0,3,0,-0.10463740114712752,0,0,-0.4894421904510968,,False,True
0,1,0,-0.10463740114712752,0,0,0.2052890831722074,,False,True
0,3,0,1.1249600919935314,0,0,-0.4863374216869257,,False,True
1,1,0,0.4333115021019107,0,0,-0.11384570873513637,,False,False
0,3,0,0.5101613454232019,1,0,-0.3353272677875516,,False,True
0,3,0,0.04906228549545483,0,0,-0.4894421904510968,,False,True
1,1,0,-0.1814872444684187,0,0,-0.034313694348132716,,False,True
1,2,1,-0.5657364610748746,1,2,0.18876253192945994,,False,False
1,1,1,0.8175607187083667,0,0,2.441497778832105,C125,False,True
0,3,1,0.7407108753870755,1,5,-0.01870931177853076,,False,True
0,3,0,-0.10463740114712752,0,0,-0.5064721088735089,,False,True
1,3,1,-0.10463740114712752,1,0,-0.3363340021468808,,True,False
0,3,0,-0.10463740114712752,0,0,-0.49237782784290063,,True,False
0,3,0,0.4333115021019107,0,0,-0.4863374216869257,,False,True
1,2,1,-0.41203677443229225,1,2,0.6603330135889879,,False,True
0,3,0,0.35646165878061953,1,1,-0.35848215805212236,,False,True
0,3,1,-0.2583370877897099,1,0,-0.32425318983493084,,False,True
1,2,1,-1.949033640858116,2,1,0.13683114673782454,F4,False,True
0,2,0,-0.2583370877897099,0,0,-0.43700743807979686,,False,True
0,3,0,-0.1814872444684187,1,0,-0.3573908580066095,,False,False
1,1,0,0.9712604053509489,1,0,0.40974072380221066,D19,False,True
1,3,0,-0.719436147717457,1,1,-0.33146744825388363,,False,False
0,3,0,-0.6425863043961658,0,0,-0.4902797934380587,,False,True
0,3,0,-0.6425863043961658,0,0,-0.32425318983493084,,False,True
0,1,0,2.4314074284554814,0,0,0.002347544081197954,D50,False,True
0,2,0,2.1240080551703167,0,0,-0.3997582667846179,,True,False
1,1,1,-0.6425863043961658,0,0,0.921244330558889,D9,False,True
0,3,0,-0.2583370877897099,0,0,-0.4894421904510968,,False,True
0,3,0,-0.10463740114712752,0,0,-0.49271407711891657,,True,False
1,1,0,3.8915544515600136,0,0,-0.04438103794142432,A23,False,True
0,3,0,1.6629089952425695,0,0,-0.5063875431873253,,False,True
1,1,0,0.20276197213803718,0,0,-0.034313694348132716,B50,False,False
0,1,0,-0.10463740114712752,0,0,-0.6484216535389205,,False,True
0,3,1,-1.56478442425166,3,2,-0.08666388103324908,,False,True
1,2,1,-0.10463740114712752,0,0,-0.3866707201133388,,False,True
0,3,0,0.20276197213803718,0,0,-0.4888542575852486,,False,True
0,2,0,0.12591212881674602,1,1,-0.11988611489111134,,False,True
0,3,1,0.8944105620296577,0,5,0.1506737441786005,,False,True
0,3,0,-0.10463740114712752,1,0,-0.32425318983493084,,False,True
0,3,0,-0.719436147717457,0,0,-0.4902797934380587,,False,True
1,1,1,-0.41203677443229225,0,0,0.7469121684912956,B35,False,False
0,3,1,-2.1027333275006983,3,2,-0.08666388103324908,,False,True
1,3,0,-0.10463740114712752,0,0,0.48910360681684706,,False,True
1,3,1,-2.1987956316523123,2,1,-0.26066180729354516,,False,False
1,1,0,1.432359465278696,1,0,0.8964967865378598,D33,False,False
0,3,0,-0.7962859910387481,0,0,-0.4894421904510968,,False,True
1,1,0,2.0471582118490255,0,0,0.06635974158478332,A26,False,False
0,3,0,-0.10463740114712752,0,0,-0.49640476528021726,,False,True
1,3,1,-0.48888661775358344,0,0,-0.49640476528021726,,False,True
0,3,0,-0.10463740114712752,0,0,-0.4894421904510968,,False,True
1,2,1,-0.8731358343600393,0,1,-0.18532384824750675,,False,True
0,3,0,-0.6425863043961658,0,0,-0.47861979608830835,,False,True
1,3,1,-0.10463740114712752,0,0,-0.49078316061772326,,True,False
0,3,1,-0.8731358343600393,0,0,-0.5125125150294839,,True,False
0,2,0,-0.41203677443229225,2,0,0.8314778546749452,,False,True
0,3,0,-0.10463740114712752,0,0,-0.4894421904510968,,False,True
0,3,1,0.20276197213803718,1,1,-0.3363340021468808,,True,False
0,2,0,-0.48888661775358344,0,0,-0.3866707201133388,,False,True
0,1,0,2.200857898491608,0,2,1.6323350375212924,D48,False,False
1,1,0,1.5860591519212783,2,0,2.042579288947925,,False,True
0,3,0,0.8175607187083667,0,0,-0.5029485386158568,,False,False
0,1,0,1.3555096219574048,0,0,-0.13322534515222276,E58,False,True
0,3,0,0.5101613454232019,0,0,-0.4974960653257301,,False,True
1,3,0,-0.719436147717457,1,0,-0.4888542575852486,,False,True
0,2,0,0.20276197213803718,2,0,0.8314778546749452,,False,True
0,2,0,-0.33518693111100106,0,0,-0.3866707201133388,,False,True
0,3,0,-0.10463740114712752,0,0,-0.4918744606632361,,False,True
0,3,0,1.0481102486722402,0,0,-0.4863374216869257,,False,True
1,1,1,-0.10463740114712752,1,0,0.39858208016340624,C126,False,True
1,2,1,0.8175607187083667,1,1,0.13683114673782454,,False,True
0,1,0,0.12591212881674602,1,0,0.39858208016340624,B71,False,True
0,2,0,3.123056018347102,0,0,-0.43700743807979686,,False,True
1,2,0,0.12591212881674602,0,0,-0.3866707201133388,,False,True
0,2,0,-0.10463740114712752,0,0,-0.6484216535389205,,False,True
0,3,0,-0.8731358343600393,0,0,-0.4918744606632361,,False,True
0,3,0,-0.37361185277164666,0,0,-0.4863374216869257,,False,True
1,3,1,-0.8731358343600393,0,0,-0.45026210265472455,,False,True
0,3,1,1.0481102486722402,1,6,0.2958951755118318,,False,True
1,1,0,0.5101613454232019,0,1,9.667166525013505,B51 B53 B55,False,False
0,3,1,-0.10463740114712752,0,0,-0.48457563655809965,,True,False
1,1,0,-0.1814872444684187,0,0,0.8964967865378598,D49,False,False
0,3,0,-0.719436147717457,0,0,-0.4626791642426904,,False,True
0,3,0,-1.180535207645204,5,2,0.2958951755118318,,False,True
0,2,0,2.3545575851341902,1,1,0.13683114673782454,,False,True
0,2,0,-0.33518693111100106,1,2,0.18876253192945994,,False,False
0,3,0,-1.180535207645204,4,1,0.1506737441786005,,False,True
0,3,0,-0.7962859910387481,0,0,-0.44363577710162005,,False,True
0,3,0,-0.8731358343600393,0,0,-0.49145565916975514,,False,True
1,1,1,-1.1036853643239128,0,1,3.6067927997556075,B5,False,True
1,1,0,0.12591212881674602,1,0,0.49925551609632224,B20,False,True
1,3,1,-1.949033640858116,0,1,-0.37828059596268965,,False,False
1,3,0,-0.10463740114712752,0,0,0.48910360681684706,,False,True
0,3,0,-0.33518693111100106,0,0,-0.5029485386158568,,False,False
0,1,0,2.3545575851341902,0,0,-0.11384570873513637,,False,True
0,2,0,1.7397588385638607,0,0,-0.3766033765200472,,False,True
0,3,0,1.1249600919935314,0,0,-0.4863374216869257,,False,True
1,3,1,-0.10463740114712752,0,0,-0.49271407711891657,,True,False
0,1,0,1.5092093085999871,1,1,1.5841789061771412,C68,False,False
0,3,0,0.9712604053509489,0,0,-0.494391296561559,F G63,False,True
1,1,1,-0.8731358343600393,1,0,3.9327230485884233,C62 C64,False,False
1,1,0,0.4333115021019107,0,0,-0.11913106412161445,E24,False,True
0,3,1,-0.8731358343600393,0,1,-0.3573908580066095,,False,False
0,3,0,-0.33518693111100106,0,0,-0.4925449457465493,,True,False
0,3,0,-0.2583370877897099,1,0,-0.4902797934380587,,False,True
0,2,0,0.7407108753870755,0,0,-0.12491978668775715,,False,True
1,2,1,1.2018099353148226,0,0,-0.3766033765200472,,False,True
1,1,0,0.9712604053509489,0,0,-0.11913106412161445,E24,False,True
1,1,1,-0.5657364610748746,0,0,2.4029901895877646,,False,True
1,3,0,-0.10463740114712752,1,1,-0.3414522396297103,,False,False
1,1,1,-0.41203677443229225,0,0,0.3483299278831318,C90,False,False
0,1,0,-0.10463740114712752,0,0,-0.11384570873513637,C124,False,True
1,1,0,1.432359465278696,1,0,0.39858208016340624,C126,False,True
0,3,0,-0.027787557825836348,0,0,-0.457478374542396,,False,True
0,2,0,1.7397588385638607,0,0,-0.3866707201133388,,False,True
0,3,0,-0.7962859910387481,0,0,-0.494391296561559,F G73,False,True
1,1,1,0.6638610320657843,0,0,3.9327230485884233,C45,False,False
1,2,1,-0.1814872444684187,0,0,-0.43700743807979686,E101,False,True
0,3,0,-0.10463740114712752,0,0,-0.3363340021468808,,True,False
0,3,0,0.27961181545932834,0,0,-0.4918744606632361,,False,True
1,2,1,-1.7953339542155335,0,1,0.016023023618325298,,False,True
0,3,0,-0.9499856776813305,1,0,-0.5063875431873253,,False,True
0,2,0,0.35646165878061953,0,0,-0.3866707201133388,,False,True
0,2,0,1.5860591519212783,0,0,-0.3866707201133388,,False,True
1,1,0,-0.1814872444684187,1,0,0.4207302360686478,E8,False,True
0,3,0,-0.719436147717457,0,0,-0.47400492578514347,,False,True
1,2,1,0.04906228549545483,3,0,-0.22559322262067316,,False,True
1,3,1,-0.10463740114712752,0,0,-0.4926295114327329,,True,False
0,2,0,-0.33518693111100106,1,0,-0.12491978668775715,,False,True
0,3,1,-0.33518693111100106,1,0,-0.4888542575852486,,False,True
1,1,1,-0.027787557825836348,0,0,3.6067927997556075,B5,False,True
0,3,0,-1.4110847376090776,0,0,-0.2701412180209885,,False,False
0,2,0,-0.10463740114712752,0,0,-0.6484216535389205,,False,True
0,2,0,-0.48888661775358344,0,0,-0.3866707201133388,,False,True
0,2,0,-0.48888661775358344,0,0,-0.3866707201133388,,False,True
0,3,0,-0.06621247948648194,0,0,-0.32425318983493084,,False,True
0,3,1,1.432359465278696,1,3,0.04370821849987721,,False,True
1,1,0,0.4333115021019107,0,0,9.667166525013505,B101,False,False
0,3,0,-0.10463740114712752,0,0,-0.4894421904510968,,False,True
0,3,0,-0.10463740114712752,0,0,-0.4894421904510968,,False,True
1,1,0,-0.10463740114712752,0,0,-0.04438103794142432,D45,False,True
0,1,0,0.5101613454232019,1,0,0.9391984311231651,C46,False,True
1,1,1,-0.6425863043961658,2,2,4.634416897040849,B57 B59 B63 B66,False,False
0,3,0,-0.41203677443229225,1,0,-0.32425318983493084,,False,True
1,3,0,0.12591212881674602,0,0,-0.4888542575852486,,False,True
0,1,0,3.123056018347102,1,1,0.7811411367084872,B22,False,True
0,3,0,-1.0268355210026217,1,1,-0.24069423801061057,,False,True
1,2,1,0.04906228549545483,0,0,-0.3866707201133388,,False,True
0,1,0,-0.7962859910387481,1,0,0.4207302360686478,D30,False,True
0,3,0,0.12591212881674602,0,0,-0.49237782784290063,,True,False
1,2,1,-1.949033640858116,1,1,-0.18532384824750675,,False,True
1,3,0,-1.7953339542155335,0,1,-0.397241430886295,E121,False,True
0,3,0,0.27961181545932834,0,0,-0.45714212526638004,,False,True
0,3,0,-0.48888661775358344,0,0,-0.4894421904510968,,False,True
1,2,1,1.432359465278696,1,2,0.6603330135889879,,False,True
1,2,0,-2.204943619118015,1,1,-0.35646868933346404,,False,True
0,3,0,-0.10463740114712752,0,0,-0.49145565916975514,,False,True
0,2,0,-0.8731358343600393,0,0,-0.41687275089321363,,False,True
0,3,0,0.35646165878061953,0,0,-0.4863374216869257,,False,True
1,1,1,0.27961181545932834,0,0,1.093228788100527,B77,False,True
0,3,0,-0.10463740114712752,0,0,-0.35646868933346404,,False,True
0,3,0,0.8944105620296577,0,0,-0.5049620073345151,,False,True
1,3,0,-0.719436147717457,0,0,-0.5028639729296732,,False,False
1,1,1,0.5101613454232019,1,2,1.7677408088510642,B96 B98,False,True
0,3,0,-1.0268355210026217,0,0,-0.4918744606632361,,False,True
1,1,1,1.6629089952425695,1,0,0.921244330558889,D11,False,True
0,1,0,-0.10463740114712752,0,0,0.1489119590497745,,False,False
0,3,1,0.08748720715610042,0,0,-0.49237782784290063,,True,False
0,3,0,-0.10463740114712752,1,0,-0.1621689579829361,,True,False
0,3,0,0.20276197213803718,0,0,-0.4800453319411184,,False,True
0,3,0,-0.41203677443229225,0,0,-0.45714212526638004,,False,True
0,3,0,1.432359465278696,0,0,-0.4902797934380587,,False,True
0,2,1,2.1240080551703167,0,0,-0.43700743807979686,E77,False,True
0,3,0,-0.10463740114712752,0,0,-0.5029485386158568,,False,False
1,2,1,1.893458525206443,1,3,-0.18532384824750675,,False,True
0,3,0,-0.8731358343600393,0,0,-0.49237782784290063,,False,True
0,3,0,-0.10463740114712752,0,0,-0.49237782784290063,F38,True,False
1,3,1,-1.8721837975368247,0,0,-0.397241430886295,,False,True
0,3,0,-0.10463740114712752,0,0,-0.4926295114327329,,True,False
1,1,1,1.0481102486722402,0,1,3.6067927997556075,B3,False,True
1,3,1,-1.2573850509664952,0,0,-0.5028639729296732,,False,False
1,1,1,-0.9499856776813305,1,0,0.49925551609632224,B20,False,True
0,1,0,-0.027787557825836348,0,0,-0.04438103794142432,D6,False,True
0,3,0,-0.10463740114712752,1,2,-0.17626323901354432,,False,True
0,3,0,-0.33518693111100106,0,0,-0.5064721088735089,,False,True
0,3,0,-0.33518693111100106,0,0,-0.5024451714361923,,False,True
1,3,1,-0.8731358343600393,0,0,-0.4974960653257301,,False,True
0,3,0,-1.6416342675729512,4,1,-0.06199888922968463,,True,False
1,3,0,-2.1795831708219895,1,2,-0.23415046467497105,,False,True
0,1,0,1.2786597786361138,0,0,0.9462455716384695,B82 B84,False,False
0,3,0,-0.10463740114712752,0,0,-0.49237782784290063,,True,False
0,2,0,-1.0268355210026217,0,0,-0.12491978668775715,,False,True
0,3,1,-0.10463740114712752,8,2,0.7519458402879414,,False,True
0,1,0,-0.10463740114712752,0,0,-0.030371322596999754,,False,False
0,3,0,-0.33518693111100106,0,0,-0.4894421904510968,,False,True
0,2,0,0.7407108753870755,0,0,-0.3866707201133388,,False,True
1,1,1,1.5092093085999871,0,0,-0.1263453225405672,D17,False,True
1,3,1,0.12591212881674602,0,0,-0.4735861242916626,,False,True
0,3,0,0.04906228549545483,0,0,-0.5028639729296732,,False,False
0,3,1,0.04906228549545483,1,1,-0.1621689579829361,,False,True
0,2,0,0.35646165878061953,0,0,-0.3866707201133388,,False,True
1,2,1,0.12591212881674602,1,1,-0.11988611489111134,,False,True
1,1,0,-1.4110847376090776,1,2,1.7677408088510642,B96 B98,False,True
1,3,0,-2.224156079948338,0,1,-0.47694056317694733,,False,False
1,3,0,-0.1814872444684187,0,0,-0.5079822104125026,,False,True
0,3,0,0.12591212881674602,0,0,-0.4918744606632361,,False,True
0,1,0,0.7407108753870755,0,0,-0.6484216535389205,A36,False,True
0,3,1,-0.8731358343600393,0,0,-0.4918744606632361,,False,True
0,2,0,0.7407108753870755,0,0,-0.3866707201133388,,False,True
1,1,1,0.27961181545932834,1,0,0.4207302360686478,E8,False,True
0,3,0,-0.2583370877897099,0,0,-0.4896093083547455,,False,True
0,3,0,0.7407108753870755,0,0,-0.1621689579829361,,False,True
0,2,0,0.4333115021019107,0,0,-0.43700743807979686,,False,True
0,3,1,-1.7953339542155335,4,2,-0.01870931177853076,,False,True
0,3,0,0.08748720715610042,0,0,-0.4863374216869257,,False,True
0,1,0,-0.10463740114712752,0,0,-0.6484216535389205,B102,False,True
0,3,1,-0.48888661775358344,0,0,-0.4888542575852486,,False,True
0,2,0,0.12591212881674602,1,1,0.09664633805084172,,False,False
0,3,0,1.0481102486722402,0,0,-0.5185529211854588,,False,True
0,3,0,-1.4879345809303688,3,2,-0.08666388103324908,,False,True
1,1,1,1.7397588385638607,1,1,1.2341715984066093,B69,False,True
1,3,0,-0.1814872444684187,0,0,-0.47400492578514347,,False,True
0,1,0,0.6638610320657843,0,0,-0.6484216535389205,,False,True
1,3,1,-0.1814872444684187,0,1,-0.397241430886295,E121,False,True
0,3,0,-2.1027333275006983,4,1,0.1506737441786005,,False,True
0,3,0,-0.10463740114712752,0,0,-0.5084855775921673,,True,False
0,3,0,-0.10463740114712752,0,0,0.48910360681684706,,False,True
1,2,0,-2.1795831708219895,0,2,0.09664633805084172,,False,False
1,3,0,-0.10463740114712752,0,0,-0.49237782784290063,,True,False
1,1,1,2.5082572717767726,0,0,0.962353321387736,B28,False,True
1,3,1,-1.1036853643239128,1,0,-0.3573908580066095,,False,False
1,2,0,-2.192647644186609,1,1,-0.2708962687904854,,False,True
0,3,0,-0.10463740114712752,0,0,-0.5028639729296732,,False,False
0,3,0,-0.48888661775358344,0,0,-0.4902797934380587,,False,True
0,3,0,-0.8731358343600393,0,0,-0.48130374989027985,,False,True
1,1,1,0.7407108753870755,1,1,1.0259447039291216,E49,False,False
0,3,0,-0.6425863043961658,0,0,-0.47400492578514347,,False,True
0,3,0,-0.10463740114712752,0,0,-0.4863374216869257,,False,True
1,3,0,0.20276197213803718,0,0,0.48910360681684706,,False,True
1,1,0,-0.10463740114712752,0,0,-0.05042144409739929,C47,False,False
0,3,0,-0.719436147717457,0,0,-0.4888542575852486,,False,True
0,2,0,-1.0268355210026217,0,0,-0.43700743807979686,,False,True
1,1,1,0.04906228549545483,0,0,-0.024246350754841113,,False,False
0,3,0,0.3948865804412651,0,0,-0.5188046047752911,,False,False
0,3,0,-0.9499856776813305,0,0,-0.47400492578514347,,False,True
0,3,0,0.9712604053509489,0,0,-0.49640476528021726,,False,True
0,3,0,-0.10463740114712752,8,2,0.7519458402879414,,False,True
0,3,0,0.4333115021019107,0,0,-0.4894421904510968,,False,False
0,2,0,-0.10463740114712752,0,1,0.016023023618325298,,False,True
1,1,1,-0.10463740114712752,1,0,1.145663540471827,C92,False,False
0,3,0,-1.949033640858116,4,2,-0.01870931177853076,,False,True
0,3,0,3.430455391632267,0,0,-0.4918744606632361,,False,True
0,3,1,-1.56478442425166,1,1,-0.3414522396297103,,False,False
1,1,1,-1.0268355210026217,0,1,0.14488502161245778,D28,False,True
0,2,1,1.1249600919935314,1,0,-0.12491978668775715,,False,True
1,3,1,-0.8731358343600393,0,1,-0.4601623283443675,,False,True
1,1,1,1.2018099353148226,1,1,2.671117778445337,,False,True
1,1,0,1.6629089952425695,0,0,-0.11384570873513637,E17,False,True
1,3,1,-0.41203677443229225,0,3,-0.26066180729354516,,False,False
0,3,0,-0.10463740114712752,0,0,-0.5028639729296732,,False,False
0,3,0,0.8944105620296577,2,0,-0.36435544630444866,,False,True
0,2,0,-0.6425863043961658,1,0,-0.41687275089321363,,False,True
1,1,1,1.432359465278696,0,0,-0.1263453225405672,D17,False,True
0,3,1,-0.10463740114712752,8,2,0.7519458402879414,,False,True
0,2,0,-0.41203677443229225,0,0,-0.3866707201133388,,False,True
1,2,1,0.9712604053509489,0,0,-0.3866707201133388,,False,True
1,2,1,-0.1814872444684187,1,0,-0.3693891181010945,,False,False
0,1,0,0.12591212881674602,0,0,0.3682954836973478,A24,False,True
0,3,0,-0.10463740114712752,0,0,-0.45714212526638004,,False,True
1,3,0,-1.949033640858116,1,1,-0.4242561406845337,,False,True
0,3,0,-0.2583370877897099,0,0,-0.4894421904510968,,False,True
1,1,1,1.3555096219574048,1,1,0.40974072380221066,D35,False,True
0,1,0,0.27961181545932834,0,0,-0.5477482176060045,B51 B53 B55,False,True
0,3,0,1.3555096219574048,0,0,-0.46720946885967163,,False,True
1,2,1,-0.10463740114712752,1,0,-0.16518916106092355,,False,False
1,3,1,-1.1036853643239128,0,0,-0.5029485386158568,,False,False
0,3,0,-0.719436147717457,0,0,-0.45017955043725955,,False,True
0,3,0,-0.7962859910387481,0,0,-0.4894421904510968,,False,True
0,3,0,-0.10463740114712752,0,0,-0.4894421904510968,,False,True
1,1,1,2.0471582118490255,0,1,1.0259447039291216,C50,False,False
1,2,1,-0.33518693111100106,0,1,-0.12491978668775715,,False,True
0,3,0,0.27961181545932834,0,0,-0.4894421904510968,,False,True
0,3,1,-0.5657364610748746,0,0,-0.4366711888037809,,False,True
0,2,0,-0.10463740114712752,0,0,-0.43700743807979686,,False,True
0,3,0,-0.33518693111100106,0,0,-0.5064721088735089,,False,True
0,3,1,0.7407108753870755,0,5,-0.06199888922968463,,True,False
0,2,0,-0.1814872444684187,0,0,-0.3866707201133388,,False,True
1,1,1,-0.7962859910387481,0,0,-0.04438103794142432,B42,False,True
0,3,1,-0.10463740114712752,1,2,-0.17626323901354432,,False,True
1,1,0,-0.2583370877897099,0,0,-0.04438103794142432,C148,False,False
0,3,0,0.20276197213803718,0,0,-0.49237782784290063,,True,False
